{
	"HandSide" : "left",

	"DH_offset": [
  0.000283781, -0.101884924, -0.000523253, -1.553697766, -0.002163309, 24.19961168, 1.551954944, 0.000481081, -0.015686408, 0.000487271, 47.50217279, -0.017029123, 0.00049407, 0.00049407, -1.508612949, 22.95897939, -0.012014063, 0, 0, 0, 0, 0, 0,
			-0.000177348, 0.038107639, 0.001655659, -1.594876801, -0.004899589, 24.20164574, 1.548498614, -0.000253999, 0.037716191, -0.000296939, 57.50481144, 0.030274875, -0.000317866, -0.000317866, -1.41662642, 24.81699623, 0.037524737, -88.74565742, -29.04260605, 24.34892944, 1.36957746, -0.558720426, 0.946039953,
			0.000155707, -0.111133043, -0.002339247, -1.610484528, 0.002797636, 24.19765287, 1.540382003, 2.51201E-05, 0.028278904, 5.34286E-05, 47.4972966, 0.023261371, 7.37957E-05, 7.37957E-05, -1.661491683, 22.93328301, 0.017883901, -0.002126705, 0.002957232, -18.99989928, -0.040790049, -0.023848517, -0.111133043],

	"off_TH2": 0.032143266230050,
	"off_TH3": -0.008277956609055,

	"off_TH2_MI": -0.086973494462362,
	"off_TH3_MI": -0.089503818351610,

	"off_TH2_TH": 0.116295295722423,
	"off_TH3_TH": 0.058135475400758
 }