{
	"HandSide" : "right",

	"DH_offset": [
  -0.001695, 0.265057, 0.002725, -1.440705, -0.000787, 24.203071, 1.597913, -0.000384, 0.041344, -0.000434, 47.500034, 0.050515, -0.000490, -0.000490, -1.544465, 24.896937, -0.017885, 0.000000, 0.000000, 0.000000, 0.000000, 0.000000, 0.000000,
 0.000031, -0.026282, -0.000176, -1.575018, -0.000036, 24.199823, 1.575402, -0.000032, 0.000778, -0.000032, 57.500057, 0.001775, -0.000032, -0.000032, -1.575409, 27.250170, 0.000157, -88.750050, -29.039965, -24.349829, -1.408850, 0.529683, 0.881650,
 -0.000017, -0.000101, -0.000012, -1.568441, 0.000037, 24.199988, 1.573206, -0.000018, -0.000496, -0.000018, 47.499963, 0.000482, -0.000018, -0.000018, -1.571936, 24.190021, -0.000631, -0.000012, 0.000037, 18.999983, 0.002355, 0.000597, -0.000101],

	"off_TH2": 0.277947,
	"off_TH3": -0.151865,

	"off_TH2_MI": 0.016596,
	"off_TH3_MI": 0.055029,

	"off_TH2_TH": -0.002710,
	"off_TH3_TH": 0.100594
 }