{
	"HandSide" : "left",

	"DH_offset": [0.0015882, 0.25872, 0.0032589, -1.5901, -0.0075449, 24.203, 1.6124, 0.00076016, -0.11008, 0.0010113, 47.505, -0.11008, 0.0012783, 0.0012783, -1.3785, 22.953, -0.0098592, 0, 0, 0, 0, 0, 0,
		0.00017443, 0.027389, 2.59E-05, -1.5897, 0.0007471, 24.2, 1.5548, 0.00018275, -0.00078024, 0.00018327, 57.499, -0.0047465, 0.0001829, 0.0001829, -1.5897, 24.82, -0.0047485, -88.751, -29.04, 24.35, 1.3734, -0.55169, 0.93532,
		-8.32E-05, 0.017475, 0.00020683, -1.5605, -0.00021756, 24.2, 1.5812, -8.09E-05, -0.0024707, -8.08E-05, 47.5, 0.00064952, -8.12E-05, -8.12E-05, -1.5655, 22.93, -0.0014362, 0.00021075, -0.00021504, -19, 0.010326, 0.0033952, 0.017475],

	"off_TH2": -0.597920102129809,
	"off_TH3": 0.025472196510723,

	"off_TH2_MI": -0.077179721589745,
	"off_TH3_MI": -0.010733040432767,

	"off_TH2_TH": -0.078863452244938,
	"off_TH3_TH": -0.031807450795163
}
