{
    "HandSide": "right",

    "DH_offset": [
        -0.000339822, 0.078940766, 0.001946022, -1.592487276, -0.003785905, 24.20197159, 1.5248393, 9.2096E-05, 0.022285613, 9.65271E-05, 47.50331302, 0.024232721, 9.49907E-05, 9.49907E-05, -1.460871457, 22.95621103, 0.022209619, 0, 0, 0, 0, 0, 0, 0.000158679, -0.055220228, -5.80689E-05, -1.580504269, -0.000757399, 24.19994579, 1.560429085, 0.000147666, 0.000170685, 0.000146656, 57.50075954, -0.00066896, 0.000146026, 0.000146026, -1.559748667, 24.82032979, -0.004535188, -88.74944174, -29.04022856, -24.3494791, -1.418356826, 0.51871547, 0.852712086, -6.21639E-05, -0.011430006, -0.000320586, -1.560974768, 0.000433704, 24.1996794, 1.580460751, -5.98549E-05, -0.002453606, -5.96746E-05, 47.4995629, -0.000963684, -5.94047E-05, -5.94047E-05, -1.583189417, 22.93051452, -0.002739734, -0.000318881, 0.000434439, 18.99993974, 0.009822793, 0.00565558, -0.011430006],

    "off_TH2": 0.161677975515314,
    "off_TH3": -0.038506919387455,

    "off_TH2_MI": -0.175110987922598,
    "off_TH3_MI": 0.254466827236688,

    "off_TH2_TH": 0.145667459862686,
    "off_TH3_TH": 0.146619569673536,

    "ThumbSensor1": 1,
    "ThumbSensor2": 0,

    "IndexSensor1": 2,
    "IndexSensor2": 3,

    "MiddleSensor1": 4,
    "MiddleSensor2": 5
}
