{
	"HandSide" : "right",

	"DH_offset": [
   -0.001119, 0.21426, 0.0014873, -1.5615, -0.01034, 24.202, 1.5214, -0.00085372, 0.11192, -0.001186, 47.508, 0.11231, -0.0014558, -0.0014558, -1.2742, 24.893, 0.044499, 0, 0, 0, 0, 0, 0,
		0.00028236, -0.019622, -0.0017569, -1.5709, 0.0045502, 24.198, 1.5777, -0.00042203, 0.029605, -0.00039122, 57.496, 0.029001, -0.00036819, -0.00036819, -1.7158, 27.251, 0.044857, -88.754, -29.037, -24.351, -1.4048, 0.53406, 0.88831,
		-3.62E-05, 0.067523, 0.00070219, -1.5895, -0.0024382, 24.201, 1.5576, -0.00012026, 0.022872, -0.00013728, 47.502, 0.020157, -0.00014747, -0.00014747, -1.4995, 24.188, 0.014023, 0.00083497, -0.002402, 19, -0.018558, -0.0075483, 0.067523],

	"off_TH2": 0.098411669912952,
	"off_TH3": 0.065433519784681,

	"off_TH2_MI": 0.078083150967357,
	"off_TH3_MI": 0.219384253334203,

	"off_TH2_TH": 0.115816013313412,
	"off_TH3_TH": 0.011235482257963
 }