{
	"HandSide" : "right",

	"DH_offset": [-0.001673196, -0.025650294, 0.000700583, -1.522629193, -0.002898592, 24.2013089, 1.627029051, -0.000884766, 0.033277171, -0.000925063, 47.50295942, 0.042876862, -0.000960287, -0.000960287, -1.481374585, 23.49838671, 0.011862916, 0, 0, 0, 0, 0, 0,
                   -0.000229878, 0.002527834, 0.002124251, -1.559318356, -0.005227888, 24.20211643, 1.581677212, 0.000288778, -0.031760947, 0.000327298, 57.5047041, -0.028951542, 0.00035558, 0.00035558, -1.449291737, 26.50138004, -0.049332041, -88.74543855, -29.04317812, -24.34899908, -1.389093291, 0.545047691, 0.910460148,
                   0.000262011, -0.053449456, -0.001737586, -1.556028889, 0.003245672, 24.19825225, 1.588264505, 0.000142359, -0.029794519, 0.000114755, 47.49649419, -0.015644753, 0.000109203, 0.000109203, -1.681017457, 25.00204207, -0.03048063, -0.001631361, 0.003294226, 19.00028233, 0.014975322, 0.011770692, -0.053449456],

	"off_TH2": 0.169516416,
	"off_TH3": 0.202993822,

	"off_TH2_MI": -0.203777603,
	"off_TH3_MI": -0.262693345,

	"off_TH2_TH": 0.105105745,
	"off_TH3_TH": -0.258722071
 }
